,username,description,location,following,followers,totaltweets,retweetcount,text,hashtags
0,jackcolleton,love animals and humanity. Peace and love.  Interested in medicine and science. Leave out water for animals!,,2308,2277,340958,21,"@disclosetv @Letram_Sorc There is no medical or epidemiological justification for vacinate all population, it is only intended to pressure to unvacinated for isue  the Covid pasport",[]
1,adeebrahman73,"Dear Twitter and @jack,
I am not an automated bot.",,4996,4706,499960,1,"@LelePeche @brettturner57 Oh, I am so very sorry for your child and your whole family.   #vacinate",['vacinate']
2,pkwoodard,Child of The King~Advocate for Foster Kids~Substitute teacher~Full time momma & Pamma~My family is my heartbeatâ¤ï¸former fetus,,2576,719,4862,21,"@disclosetv @Letram_Sorc There is no medical or epidemiological justification for vacinate all population, it is only intended to pressure to unvacinated for isue  the Covid pasport",[]
3,devesh2504,"An ardent Modi follower and BJP supporter. à¤°à¤¾à¤·à¥à¤Ÿà¥à¤° à¤¸à¤¦à¥ˆà¤µ à¤ªà¥à¤°à¤¥à¤®à¥¤
ğŸ‡®ğŸ‡³ à¤µà¤‚à¤¦à¥‡à¤®à¤¾à¤¤à¤°à¤®à¥ ğŸ™",India,153,154,5523,0,"@harishbpuri @MJ_007Club There should be fair play. Milords to dispense off at least 50% of total pending cases and government to vacinate atleast 90% population. Otherwise, the Milords should stop poking nose in GOI work. Period.",[]
4,JeanWygmans,"Best sense of humor, retired science teacher, RESISTER, vote Blue, Mother, wife, Grandmother, loves all things Scotland,",,467,686,2058,1,"@LelePeche @brettturner57 Oh, I am so very sorry for your child and your whole family.   #vacinate",['vacinate']
5,Shekina93469516,"I am an alternative health practitioner and love helping people be well, balanced and enthusiastic about life",,8,0,3,0,"TO VACINATE/NOT VACINATE AGAINST COVID-19
I have not had great success with vaccines over the years and was reluctant to take the covid-19 shots.  My Husband is very active and got the virus. I decided to take the shot.  Self Preservation is better than rhetoric.",[]
6,DianeDE43706080,,,11,1,27,0,"@NatalieSuB It saddens me that there are not more people of faith. If I'm supposed to Die from Covid.
That has already been determined by my Lord.
If I choose  to not vacinate. Be a Ginny pig. That is my choice. I have Always vaccinated my children, myself.
I refuse to be a part of this.",[]
7,LorettaHousto20,"Love Animals & my Partner & family friends & experienced paranormal believe in ghosts,photography,travel & We have gone to afew haunted places",Australia Qld ,345,1045,108796,0,"It's Spring in Australia today I went out to explore the Lagoon view nursery lots of Birds,bees &amp; butterflies it's Great to Have the freedom to come here,there r lots of States here closed borders,lockdowns as @amyscrypt said some states have been very slow to vacinate â¤ï¸ğŸ¦œğŸ¦‹ğŸğŸŒˆ https://t.co/f4SGnge7uF",[]
8,alister_ware,"Telecoms engineer and general 'fiddler' with things I don't fully understand.
Social distancing since BEFORE it became fashionable",Sol III,390,136,9010,0,"Question
Have the #novax brigade who consider the vaccines not to have been thoroughly tested realised that there are 48 Million of us in the UK alone that have tested them now?
#covidiots #vacinate","['novax', 'covidiots', 'vacinate']"
9,FBenthos,Quiz team,,149,34,3299,0,"@suzseddon So, you've never been vacinate for anything ever ? Never had a blood transfusion ?

How did you manage that ?",[]
10,GuyChristianEr3,Currently retired pension / said- WOULD LIKE TO BE 47TH PRESIDENT OF USA! WORKING FOR-WE THE PEOPLE RESTORE OF TERM LIMITS!-INVESTIGATE OF LEADERS!,,316,17,7875,0,"FOUGHT DIED TO SET THEM FREE! TODAYS GOVT HAS TO MUCH POWER CONTROL OVER OUR LIVES FROM BIRTH UNTIL DEATH!- DISCRIMINATION OF ESSENTIAL&amp; NON- ESSENTIAL WORKERS AND INSANITY OVER COVID FEARMONGERING FORCING ALL AMERICANS TO VACINATE BUT FOREIGNERS-"" SUPERSPREADER EVENT!"" BOTH",[]
11,WilliamFBlick,International Olympic Committee-MEMBER. Chairman Duke of Edinburgh Award Uganda.,Kampala,4972,7383,12349,0,@UGIndependent A global effort is needed to fight this pandemic. Those stats just show the greed of richer nations. We are so far from defeating #COVID19 The aim should be to vacinate 50% of the eligible global population not each country for itself @WHO,['COVID19']
12,Richard04082144,Easy going ..now retired after 60 years of work,,620,233,6948,0,Why is the media so incensed on how fast the virus is spreading in Victoria against NSW..is it a race...judt vacinate and lift vacination rates without a comment,[]
13,ow_carti,julien  carti,delft,130,104,11705,0,Cdc fake app no key them faking whit dose trap carbes real cdc come to me  whit no key talking about modern vacinate humans,[]
14,ow_carti,julien  carti,delft,130,104,11705,0,Them say the one that vacinate prince harry go hide like weber,[]
15,ow_carti,julien  carti,delft,130,104,11705,0,Cdc fine vacinate humans with modern  the risk of dieien dose kickout inlegals vacine them tieve tbem inlegals kickout vrom figers trap and  making vacinate say them shit,[]
16,silviainsydney9,"Financial Astrologer
MBA, MComrce, BMathFin



Millionaires don't use Astrology, billionaires do.

J.P. Morgan","Sydney, New South Wales",328,1643,5249,2,"Under FEDERAL AUSTRALIA LAW

You cannot be forced to vaccinate
You cannot be denied entry to  businesses
or be asked about Vaccination

STATE LAW is superseeded  by FEDERAL LAW
This is why they are trying to Coerce you to follow
Its ILLEGAL...ie stay at Home,vacinate,social dist https://t.co/assgSzbW5w",[]
17,sasha_k__,,,285,93,22654,21,"@disclosetv @Letram_Sorc There is no medical or epidemiological justification for vacinate all population, it is only intended to pressure to unvacinated for isue  the Covid pasport",[]
18,cary13969507,Aloha from Hawaii.,,32,160,334,0,"@POTUS Border vacinate, b4 mandatory citizens",[]
19,Danphillipsresi,"People I won't follow back. 1.Women looking for love. 2. Trump followers. 3.People selling stuff . I'm married, w/no money & can't stand racistsğŸŒŠğŸŒŠğŸŒŠ",TN.    #Fbr #Resist.,15925,14776,7975,0,"@realTuckFrumper If he didn't mask up and vacinate, because god would take care of him, guess what.ğŸ˜·ğŸ˜‡",[]
20,cookiemutt,"ğŸ’‰ ğŸ’‰ ğŸ˜·! Opinions are my own, so are the typosâ€¦ Opinions can never be wrong! ğŸ˜€ ğŸ‡¨ğŸ‡¦ first ğŸ‡µğŸ‡±ğŸ‡«ğŸ‡·ğŸ‡ºğŸ‡¸ğŸ‡ºğŸ‡¦",,2918,1822,27037,0,"@michaelscat2 A minimum of 3 boxes. I would have four but only if you have the room. Other than thatâ€¦ vacinate, spay/neuter, keep your vet visits, and then just revel in the fun and love! I always had 3 cats at a time. Now Iâ€™m at two.",[]
21,Ingaketwa20,StudentActivist|PublicPolicy student |Chairperson of MatlaMoituti Foundation |  SRC Chairperson  at University of South Africa | Branch Chairperson of SASCO,Pretoria,290,257,1703,2,Myself together with the NEC member of SAUS as well as the DSG of UNISA NSRC got vacinated today. We encourage all students to go vacinate . https://t.co/L5cz8SNCNc,[]
22,MrL08545404,just a ordinary  joe trying to make it in life ğŸ˜€,,4,6,11397,0,"@NYCMayor Sad if you dont vacinate 

Sad part the people DYING  and getting  sick are anti MANDATE  vacines  mask waring  people. https://t.co/NunEup4alW",[]
23,ChristianFister,"Pervertido e depravado, apaixonado por sexo Anal, Fisting e outras Brincadeiras Anais. Sou top experiente em anal fisting.

Fister partner of @teresafilosofa","Porto Alegre, Brasil",283,6554,2273,0,"@Splinter_Life_ @Detro_Fist @siswet If you are not vacinate you are wrong, This is a fact! Please go and vacinate is good for you and the others.",[]
24,JSome_no_thing,,,10,0,81,0,"@JoeBiden @GavinNewsom Please!Might be some kind of solution using old days quarc tehnology in new ways?Each public place could have them all around. Without pushing vacinate could be results?I have no resourses to check that,but scientists saying it eliminates viruses. In that situation it could help!",[]
25,Gandalf32181102,Hikertrash,,21,1,440,0,@BillWylie3rd @_Peeve_ @HayesBrown Well hell if you vacinate  you glow in the dark anyway.. so who needs headlights?,[]
26,CLEVELANDFILL,"Tiger 8, 
Lover of Constitution, 
Supporter of #Grinberg2024 
""If it's on twitter it isn't true."" 
Some care, some don't care, some don't give a shit.""","Ohio, USA",156,63,16443,0,@ElizLanders @AOC VACINATE THE RICH,[]
27,garyrodd,The truth is out there but you certainly won't find it on the main stream media,Scotland ,2347,1815,5709,1,What happened to herd immunity or is now just vacinate the herd ğŸ¤”,[]
28,sanmoix,Dont shed on me,"Sydney, New South Wales",360,68,3488,2,"Under FEDERAL AUSTRALIA LAW

You cannot be forced to vaccinate
You cannot be denied entry to  businesses
or be asked about Vaccination

STATE LAW is superseeded  by FEDERAL LAW
This is why they are trying to Coerce you to follow
Its ILLEGAL...ie stay at Home,vacinate,social dist https://t.co/assgSzbW5w",[]
29,silviainsydney9,"Financial Astrologer
MBA, MComrce, BMathFin



Millionaires don't use Astrology, billionaires do.

J.P. Morgan","Sydney, New South Wales",328,1643,5249,2,"Under FEDERAL AUSTRALIA LAW

You cannot be forced to vaccinate
You cannot be denied entry to  businesses
or be asked about Vaccination

STATE LAW is superseeded  by FEDERAL LAW
This is why they are trying to Coerce you to follow
Its ILLEGAL...ie stay at Home,vacinate,social dist https://t.co/assgSzbW5w",[]
30,ginabap,woman.wife.mother.worker.aiming for a GreenğŸŒ± ğŸŒ . making everyday count ğŸ’š,Canada,2805,224,3806,0,I am #vaccinated. I #believe in #vaccines . I am with the  #majority. If you are #antivax  you are the #minority . You can chose no to #vacinate but you cannot make someone to open the doors to you . Your #choice has #responsibilities . Your #choice has consequences . https://t.co/FxOxHP9Jz6,"['vaccinated', 'believe', 'vaccines', 'majority', 'antivax', 'minority', 'vacinate', 'choice', 'responsibilities', 'choice']"
31,roline58917311,,"SÃ£o Paulo, Brasil",68,30,1365,0,"@StellenboschM @CNN It's interesting how some people don't vacinate because ""God will protect them"" and others think that God is guilty if the same people die later. We have responsibilities and choices of our own, we have free will. And when we do bad choices we face consequences.",[]
32,Natasha78085210,,,15,0,3,0,"@MarcusFysh Can I take this opportunity to say a big thank you, from us all, for your brave stand against this abhorrent , unethical, immoral unlawful decision to vacinate children. Hopefully youve broken the ice for what many others are thinking . So proud of our local mp. God bless",[]
33,hawkeye_504,"Christ above allğŸ‡ºğŸ‡¸Family ManğŸ‡ºğŸ‡¸Live free or dieğŸ‡ºğŸ‡¸American Privilege!ğŸ™ğŸ¼The plans of the righteous are just, but the advice of the wicked is deceitful.",Louisiana,487,286,2639,0,People who have already contracted Covid are 27 times more immune than vacinated people. Its insanity that Biden wants to vacinate people who have natural immunity. https://t.co/qj17tHYdNz,[]
34,bikowanorthwest,never stop dreaming and never be afraid to fall and get up.DONT GIVE UP FIGTHER,,54,8,121,0,@PresidencyZA start with your minning migrants in our community maybe its time we vacinate the economy first we will vaccinate after we remove ANC from power we dont trust your government sir and pls leave our kids out of this vaccine #northwest4eff #bojanala4eff #land2eff,"['northwest4eff', 'bojanala4eff', 'land2eff']"
35,ndazchrisnat,Discover to recover..passionate to learn more and discover more,South africa ,2095,538,2302,0,@Sivenathiii @LisaMokoenaP @QMqilingwa First reason will be the same people that are telling me to vacinate they always lie to us so I dot see why should please them.... I also want them to understand I dot trust them too but it doesn't mean I wot look after myself,[]
36,Non_Chicken,"Dad, Army then Police Officer (retired) If you canâ€™t accept the result donâ€™t vote Vaccines are good so is choice Voted Tory got Communism  Lockdowns donâ€™t work",United Kingdom of North Korea ,167,176,30778,0,"@sajidjavid 1 Vaccinate to protect the vulnerable
2 Vacinate to protect the vaccinated 
3 Repeat steps 1 and 2",[]
37,sesehunhunie,sekarang meminati johnny dari nct dengan sangat terukğŸ˜«â¤ï¸â€ğŸ”¥ Exo-L ğŸ¤ Nctzen,,309,210,14793,1,"Buduh! Dasar antivax. 
To missy n kak erni n to all mums please get ur kids vacinated. N tell this man how important it is to vacinate kids as they are more prone to the virus https://t.co/uw9LFT24c6",[]
38,loeyinspacenow,she/herâ€ akgaes and antis stfuâœŒ,"EXOPlanet, L-1485",252,260,11604,1,"Buduh! Dasar antivax. 
To missy n kak erni n to all mums please get ur kids vacinated. N tell this man how important it is to vacinate kids as they are more prone to the virus https://t.co/uw9LFT24c6",[]
39,MRJKilcoyne,"Deputy Director @ASI. Anti-communist. Trade. Housing. Migration. Caledonian, Cheshire/Clwyd border. British. Globalist pondscum. Live, Laugh, Love!",,5144,12237,94883,0,"""EVEN A TWELVE YEAR OLD?!"" exclaims @BBCr4today at us rightly allowing parents and children to have choice to vacinate against covid19.

Yes, even a twelve year old can make a choice over their medical treatment when given as much information as medically available.",[]
40,ow_carti,julien  carti,delft,130,104,11705,0,Or you stay out formule the check vacinate and no vacinate,[]
41,ow_carti,julien  carti,delft,130,104,11705,0,Now vacinate  for entre paspoor someting so identity,[]
42,ow_carti,julien  carti,delft,130,104,11705,0,Vacinate when reckles break natural sond  vibrate  formule i sand voor them where vacinate but stil corona,[]
43,ow_carti,julien  carti,delft,130,104,11705,0,Them say dose vacinate when reckles them always saying this or that making life shitty,[]
44,ow_carti,julien  carti,delft,130,104,11705,0,Is more vacinate  whit corona then no vacinate,[]
45,wahinetoa7,ğŸ¶I am the HighwayğŸ¶ Mum/Earth/Mountains/Music/Art/Coffee/A bit sweary/Political floater/Ask Questions/Not a follower. Animals=respectğŸ¾ ğŸ–ğŸ˜ğŸ¶ğŸ±ğŸğŸ„ğŸ“ğŸ¦ğŸ…,New Zealand ,338,262,12250,0,@shazzz66 @TheAMShowNZ I had time to watch today and wow she just wont answer Qs. Just the same answer to avoid actually answering. V-V-Vacinate. Ryan trying to butt in because Im guessing he got sick of the same replies and she kept talking over him. Was a bit of a giggle alright. ğŸ˜…,[]
46,LeoUsa77,,,130,12,1101,21,"@disclosetv @Letram_Sorc There is no medical or epidemiological justification for vacinate all population, it is only intended to pressure to unvacinated for isue  the Covid pasport",[]
47,MrL08545404,just a ordinary  joe trying to make it in life ğŸ˜€,,4,6,11397,0,"@RepLeeZeldin FREE NOT TO VACINATE AND  WARE A MASK.

BUT ITS HARD TO ENJOY YOUR FREEDOM  IF YOUR DEAD.ğŸ˜‚ğŸ¤ªğŸ¤ªğŸ¤ªğŸ˜‚ğŸ˜‚",[]
48,MrL08545404,just a ordinary  joe trying to make it in life ğŸ˜€,,4,6,11397,0,"@RepLeeZeldin @NMalliotakis FREEDOMS  AS IN YOU TELLING  PEOPLE NOT TO WARE MASKS AND NOT TO  VACINATE  OF FIGHT  VACINE  MANDATE. 

IF YOU HAVE NOT NOTICED  THOUSANDS  ARE DYING A WEEK. MOSTLY  ALL REPUBLICANS.  LISTENING  TO YOU.

IN A FEW YEARS TIME YOU BE TALKING  TO YOURSELF  ğŸ¤ªğŸ˜‚ğŸ˜‚ğŸ˜‚",[]
49,mommaheidi71,"Love My Lord, my family and my country!! Proud to Be an American, a wife, mother and Mimi, Saved by Grace!","Tennessee, USA",3495,3082,31043,6,"@charliespiering Did they keep 6 feet apart from each other? Did the mask really could keep the COVID-19 away? 
From this picture, it looks like the mask really stops the spreading of the virus. If so why vacinate? If not, then why do mask?",[]
50,PennyTweetT,"Swimmer. Yoga Enthusiast. Business Owner. Animal Lover. Jewish American ğŸ‡ºğŸ‡¸ Momma to Max, Romeo, Mocha & Jaxâ£ï¸ #ProudDeplorable #MAGA #FemalesForTrumpğŸš‚","Pittsburgh, PA",1405,1168,68093,21,"@disclosetv @Letram_Sorc There is no medical or epidemiological justification for vacinate all population, it is only intended to pressure to unvacinated for isue  the Covid pasport",[]
51,Zeekthedogphd,"Virology/ Cancer Genetics           

Pronouns: Deoxy / Nucleic /Acid",Your head......rent free,682,147,11307,0,@Angel50689979 @RBReich If you're vacinate and able-bodied employment is available and one has no excuse to avoid it.,[]
52,CarpScientist,"researching new ways to catch carp bringing science and technology into the 21st century. 
works for works and pensions",manchster,169,72,416,0,@emsferg Good luck 1 will go tits up no need to vacinate the young you'll never get rid off covid you got let it rip,[]
53,BetterMan_Qwabe,Zulu Introvert || Curiosity by Nature || Keep it real || I am not my tweets || iMali anginayoğŸ¤·ğŸ¾â€â™‚ï¸.,"Richards Bay, KwaZulu",604,611,12052,27,"Incase you missed it:
Albert Bourla the CEO of Pfizer doesn't wanna vacinate but you will be told their vaccine is safe. 
Very soon we will be forced to VACCINATE.

#FamilyMeeting https://t.co/8QjoeLrJBz",[]
54,JoaoMauril,DeFi Crypto Enthusiast | Safemoon Hodl | Future Astronaut ğŸš€,"Porto, Portugal",48,32,338,0,@Julioba95197203 @TheFudHound @Julioba95197203 @TheFudHound  Bring me that green rocket pill to vacinate my bags ğŸš€ğŸš€ğŸŒ“ğŸŒ“ğŸ¤£ğŸ¤£,[]
55,Dumbfuk6996,the only way to get smart is to feel dumb a bunch of times,At Your Mom's House,41,14,1634,0,@Mike08731919 @MarkLessard8 @29Fields @MghtyMrphnAthst @amazingatheist Covid will never be killed. You know this. We'll have to vacinate for the rest of our lives.,[]
56,SandySeubert,I've had the opportunity to  travel to Europe and all over the United States,Stl MO,131,271,29138,6,"@charliespiering Did they keep 6 feet apart from each other? Did the mask really could keep the COVID-19 away? 
From this picture, it looks like the mask really stops the spreading of the virus. If so why vacinate? If not, then why do mask?",[]
57,SuperShane8,,,64,16,449,0,Vacinate 12 - 15 year olds because their education will suffer. Still think this is about health?,[]
58,kznebel,"Humanitarian with a passion for books, art & ideas!  Supporter of #UBI for all including #PWDğŸŒ & funding, research  & awareness of #MyalgicEncephalomyelitis ğŸŒ»",Ontario,143,87,1093,0,"Fair, reasonable &amp; socially responsible.  I respect an individuals choice to vacinate.  If a business doesn't want to enforce passports; that's ok.  But tell me before I walk in the door. Now I also have the freedom of choice &amp; right to safety. Thank you. #Elxn44 https://t.co/BIaPIZKpWS",['Elxn44']
59,ecuestre_,EconomÃ­a - Cultura - Historia - Justicia - Arquitectura - Salud - MÃºsica - Ecommerce - TV. Veracidad y tesÃ³n democrÃ¡tico. #EstafaBancoPopular,"MÃ¡laga, EspaÃ±a",5000,2781,171122,21,"@disclosetv @Letram_Sorc There is no medical or epidemiological justification for vacinate all population, it is only intended to pressure to unvacinated for isue  the Covid pasport",[]
60,metalgearsortof,You can easily judge the character of others by how they treat those who can do nothing for them or to them.,Tennessee,50,307,123150,21,"@disclosetv @Letram_Sorc There is no medical or epidemiological justification for vacinate all population, it is only intended to pressure to unvacinated for isue  the Covid pasport",[]
61,c3391,"...policy disagreements, not crimes against humanity.

Originalism: made up to justify politicalicized decisions. Walter Shaub",,856,145,11869,0,Reason for everyone who can to vacinate https://t.co/oHvTrZtcCY,[]
62,MoleraW,Blanke Gebied /White Area: Reserved for the exclusive use of National Party Cabinet Ministers. By Order Department Of Apartheid Nostalgia,"Thesen Island, Knysna",253,174,12044,0,@JJTabane @GautengHealth Am still waiting for the owner of SA to tell me personally to vacinate and if not I won't do it.,[]
63,vanessaworden,ğŸ‡ğŸŒ½ğŸ¥©ğŸ”ğŸ®ğŸŒ¶ï¸ğŸšœğŸ‡ºğŸ‡¸,"Burlington, Colorado",509,144,2639,0,"@jerodmcdaniel NO!!!!!!  Mandating vaccines with not REAL science is not acceptable.   DO NOT VACINATE your child with this, you have no clue to any effects this might cause, just don't jump even though others have!!! THINK people, THINK!!!!!",[]
64,MerlinLore,"I don't know much about my true self; discovering, learning. God is my universe and EMIP is the core of my universeğŸ˜Š
 ğŸ’ŸViva EMtÃ´iP â£ï¸ğŸ’ŸğŸ¤—ğŸ˜ï¸ğŸ•Šï¸..missing himğŸ’™",,4995,1400,42981,21,"@disclosetv @Letram_Sorc There is no medical or epidemiological justification for vacinate all population, it is only intended to pressure to unvacinated for isue  the Covid pasport",[]
65,mjsb143,the 'woke' always orchestrate a way in which they never have to live with the negative consequences of their own ideology....,USA,4998,880,46187,21,"@disclosetv @Letram_Sorc There is no medical or epidemiological justification for vacinate all population, it is only intended to pressure to unvacinated for isue  the Covid pasport",[]
66,BPaddey,"CyberkriminalitÃ¤t Missbrauchsvorbeugung fÃ¼r online -nutzerğŸŒğŸŒğŸ–¥


Anfang ist leicht,Beharren eine kunst","Bielefeld, Germany",430,141,4006,0,@ssithole78 @RidiculousMoyo @EdmundKudzayi So says some1 who was vacinate for polio https://t.co/q424tK88Nb,[]
67,daviclif,"Views are my own and are not associated with any company, organization or government institute.","Newcastle Upon Tyne, UK",233,127,4147,0,"@Chasetherabbit @_PigginTeaBreak @darrengrimes_ I didnt meet one chinese person in the last 18 months, yet I contracted the virus ... so you saying dont vacinate kids because they are unlikly to meet a subset of society ... how does your logic work ?",[]
68,sunoo_trash,"dark concept enthusiast | Î¿ Mark Twain ÎµÎ¯Ï‡Îµ Î´Î¯ÎºÎ¹Î¿ Î³Î¹Î± Ï„Î¿Ï…Ï‚ Î·Î»Î¯Î¸Î¹Î¿Ï…Ï‚, Î±Î»Î»Î¬ Î¼Î¿Ï… Î±ÏÎ­ÏƒÎµÎ¹ Î½Î± Ï„Î¿Ï…Ï‚ Ï‡Ï„Ï…Ï€Î¬Ï‰ Î¼Îµ ÎµÏ€Î¹Ï‡ÎµÎ¹ÏÎ®Î¼Î±Ï„Î±",Scotland,864,480,11380,21,"@disclosetv @Letram_Sorc There is no medical or epidemiological justification for vacinate all population, it is only intended to pressure to unvacinated for isue  the Covid pasport",[]
69,MissMe80592785,,,40,42,2689,0,@BTCtokoloshe @News24 So fascism is saying that actions should have consequences? You choose not to vacinate you should be willing to live with the consequences.,[]
70,ittbbb,"anon, formerly patriotsdontsleep",,880,406,3043,21,"@disclosetv @Letram_Sorc There is no medical or epidemiological justification for vacinate all population, it is only intended to pressure to unvacinated for isue  the Covid pasport",[]
71,Juliermiles16,For God and the right thing to do for family and the people in my life.,,4994,1324,3477,0,Sure you may be invincible but others are not. Think of others not yourself . Vacinate,[]
72,Juliermiles16,For God and the right thing to do for family and the people in my life.,,4994,1324,3477,0,Get out and live. But take a mask . You as nd others are important. Do not risk a life. Vacinate,[]
73,RachelleManios,"ğŸ‡¨ğŸ‡¦Education, Human Rights, Equity, Disability & Inclusion Parent Advocate, Crunchy Warrior Mom to Tayla & Kara(she/her)â™¿ï¸ğŸ³ï¸â€ğŸŒˆ #medicalcannabis","Mississauga, ON CANADA",4996,2152,49397,21,"@disclosetv @Letram_Sorc There is no medical or epidemiological justification for vacinate all population, it is only intended to pressure to unvacinated for isue  the Covid pasport",[]
74,lisasmi26732049,,,20,10,568,0,@ACNickel @AkrosBooks @VPrasadMDMPH Not at all but if the child has had covid - most as we are being told are asymptomatic then why vacinate if the latest study shows natural immunity is 6x more effective than the vax. My view would be test for antibodies then make the decision.,[]
75,NicoleNinedoors,"Silly, passionate, hardcore goddess who likes to procrastinate with too much social networking.",,90,38,781,0,"#CFN are NOT nurses, this is who they are an anti science hate group. Protect real #nurses and patients- #vacinate and donâ€™t protest at hospitals https://t.co/ppMdWvbYsV","['CFN', 'nurses', 'vacinate']"
76,Fernando_gmdd,"Quien realmente brilla no necesita apagar a los demas #soloquedavox
 ğŸ‡ªğŸ‡¸ EspaÃ±a.
@vox_es ğŸ’š 9774",Barcelona,2229,1330,13616,21,"@disclosetv @Letram_Sorc There is no medical or epidemiological justification for vacinate all population, it is only intended to pressure to unvacinated for isue  the Covid pasport",[]
77,ThapeloZuma,,Cape Town ,155,69,1300,27,"Incase you missed it:
Albert Bourla the CEO of Pfizer doesn't wanna vacinate but you will be told their vaccine is safe. 
Very soon we will be forced to VACCINATE.

#FamilyMeeting https://t.co/8QjoeLrJBz",[]
78,drdoolittles,"Animal health &welfare, dog Behaviour, training & Education Animal & Wildlife rescue - Home Office reg 34771",Cashapp SAnimalangels,4999,1837,26153,27,"Incase you missed it:
Albert Bourla the CEO of Pfizer doesn't wanna vacinate but you will be told their vaccine is safe. 
Very soon we will be forced to VACCINATE.

#FamilyMeeting https://t.co/8QjoeLrJBz",[]
79,arshadk3,,Dubai,339,133,530,27,"Incase you missed it:
Albert Bourla the CEO of Pfizer doesn't wanna vacinate but you will be told their vaccine is safe. 
Very soon we will be forced to VACCINATE.

#FamilyMeeting https://t.co/8QjoeLrJBz",[]
80,MochiTheMonster,"Hey I'm Mochi.  I make gaming  YouTube videos and stream on Twitch, check me out if you like.  

I also produce music.  

Xo",,130,46,498,0,"@emeraldfoxfire @clueless_corpse I don't think you understand the point of vaxination - it makes it much less likely that the virus will have mutations by lowering its chances of surviving in peoples bodies long enough to mutate as well.. not everyone can vacinate, so those who can should!",[]
81,Plain_79799,I'm your imaginary friend,"Pretoria, South Africa",4637,3564,3024,27,"Incase you missed it:
Albert Bourla the CEO of Pfizer doesn't wanna vacinate but you will be told their vaccine is safe. 
Very soon we will be forced to VACCINATE.

#FamilyMeeting https://t.co/8QjoeLrJBz",[]
82,prncyshi,my bestie - @treasuremembers ğŸ’,,217,143,1154,0,yes.. finally i got my 1st vacinate,[]
83,SiyabongaMbok89,"Eye for an eye, sweet n dangerous, Pisces for life, ugly n charming, brave n cautious.","Vosloorus , South Africa",3650,2294,10840,27,"Incase you missed it:
Albert Bourla the CEO of Pfizer doesn't wanna vacinate but you will be told their vaccine is safe. 
Very soon we will be forced to VACCINATE.

#FamilyMeeting https://t.co/8QjoeLrJBz",[]
84,MthobisiSbusiso,I am always looking forward to new challenges and I don't mind failing because it means am trying...,"Richard's Bay, South Africa",1122,112,1472,0,"@SAHRCommission good morning. Your silence in the current enviroment where the government is forcing us as citizens to vacinate, says everything about you. You dont even issue a statement warning the government to not violate our rights as per the constitution.",[]
85,Mj_nakedi,KEEP IT REAL. AUTOMOBILES & MUSIC. HOUSE MUSIC. Soccer,"Johannesburg, South Africa",943,825,10110,27,"Incase you missed it:
Albert Bourla the CEO of Pfizer doesn't wanna vacinate but you will be told their vaccine is safe. 
Very soon we will be forced to VACCINATE.

#FamilyMeeting https://t.co/8QjoeLrJBz",[]
86,RISEfm943,"Mpumalanga's Hottest Radio Station. 
IG: RISEfm943
Youtube channel: RISEfm943
Facebook: https://t.co/q1EwhQwJiR",On your radio.,104,28878,83571,0,"#InThePaper
Headline: Vaccine passport on the cards as Ramaphosa moves SA to level 2

*Do you think the passport will get more people vaccinating, what is that one think that would make you vacinate?
#RISEfmBreakfast https://t.co/P3026y442n","['InThePaper', 'RISEfmBreakfast']"
87,Yellow_Madamme,I'm in love with Jesus Christ â™¥â˜ºâ˜€,South Africa,632,464,7306,27,"Incase you missed it:
Albert Bourla the CEO of Pfizer doesn't wanna vacinate but you will be told their vaccine is safe. 
Very soon we will be forced to VACCINATE.

#FamilyMeeting https://t.co/8QjoeLrJBz",[]
88,Stux6,Vaal Nation,Vereeniging ğŸ‡¿ğŸ‡¦ğŸ‡®ğŸ‡¹,634,118,602,27,"Incase you missed it:
Albert Bourla the CEO of Pfizer doesn't wanna vacinate but you will be told their vaccine is safe. 
Very soon we will be forced to VACCINATE.

#FamilyMeeting https://t.co/8QjoeLrJBz",[]
89,Labane_Rakuoane,Black and colonized.,Landless ,2623,2324,11807,27,"Incase you missed it:
Albert Bourla the CEO of Pfizer doesn't wanna vacinate but you will be told their vaccine is safe. 
Very soon we will be forced to VACCINATE.

#FamilyMeeting https://t.co/8QjoeLrJBz",[]
90,mpho_kutoane,"Javascript fanatic with a knack for numbers.
Tech enthusiast.
Lover of Nikola Tesla, Elon Musk and other weirdos.
Built 9 apps.",,532,69,383,27,"Incase you missed it:
Albert Bourla the CEO of Pfizer doesn't wanna vacinate but you will be told their vaccine is safe. 
Very soon we will be forced to VACCINATE.

#FamilyMeeting https://t.co/8QjoeLrJBz",[]
91,abhinavduggal86,,New Delhi,61,100,1560,0,"@INCIndia You took 50years to vaccinate with POLIO vaccine  and ask other to vacinate 130+cr population in one year... Lol... India is vaccinating the fastest in the world , but India's sheer size is too big so will take ,3-4 years to get us fully vaccinated...",[]
92,KgaboSenyatsi2,THE PRINCE OF AFRICA ğŸ‘‘,South Africa,2079,2185,8195,27,"Incase you missed it:
Albert Bourla the CEO of Pfizer doesn't wanna vacinate but you will be told their vaccine is safe. 
Very soon we will be forced to VACCINATE.

#FamilyMeeting https://t.co/8QjoeLrJBz",[]
93,rationallity,Peace,"South East, England",485,298,32710,0,@News24 vacinate colonialism..gave mirror bible now vaccine,[]
94,RealHomieSA,God is Love.,"Durban, South Africa",17,1716,377,27,"Incase you missed it:
Albert Bourla the CEO of Pfizer doesn't wanna vacinate but you will be told their vaccine is safe. 
Very soon we will be forced to VACCINATE.

#FamilyMeeting https://t.co/8QjoeLrJBz",[]
95,samar73_n,An Introverted Soul,,273,10,716,27,"Incase you missed it:
Albert Bourla the CEO of Pfizer doesn't wanna vacinate but you will be told their vaccine is safe. 
Very soon we will be forced to VACCINATE.

#FamilyMeeting https://t.co/8QjoeLrJBz",[]
96,busisiw53532596,As I share pieces of me,East of Gauteng South Africa,635,292,3528,27,"Incase you missed it:
Albert Bourla the CEO of Pfizer doesn't wanna vacinate but you will be told their vaccine is safe. 
Very soon we will be forced to VACCINATE.

#FamilyMeeting https://t.co/8QjoeLrJBz",[]
97,JoshBarely,Islander fan and commentator; contributor to the World Wide Sports radio network.,Anywhere Islander fans suffer,1309,952,56090,0,@islanders4cups Or maybe vacinate everyone. Thats probably going to prevent more deaths.,[]
98,MustafaSalhi91,"A Civil Engineering Student 
23 Years Old
have a passion For Tech in General ( android  Specifically )","Erbil,Iraq",786,52,283,27,"Incase you missed it:
Albert Bourla the CEO of Pfizer doesn't wanna vacinate but you will be told their vaccine is safe. 
Very soon we will be forced to VACCINATE.

#FamilyMeeting https://t.co/8QjoeLrJBz",[]
99,_ursula31,"Xhosa hun ||
A footballer âš½ï¸ ||",Johannesburg ,1087,1095,2600,27,"Incase you missed it:
Albert Bourla the CEO of Pfizer doesn't wanna vacinate but you will be told their vaccine is safe. 
Very soon we will be forced to VACCINATE.

#FamilyMeeting https://t.co/8QjoeLrJBz",[]
100,nonku_leko32,"Love reading ğŸ“–, love listening to music ğŸ¶, love pictures.","Pretoria, South Africa",125,14,20,27,"Incase you missed it:
Albert Bourla the CEO of Pfizer doesn't wanna vacinate but you will be told their vaccine is safe. 
Very soon we will be forced to VACCINATE.

#FamilyMeeting https://t.co/8QjoeLrJBz",[]
101,Nicolaa46153237,,Sebokeng/qwaqwa,961,468,2419,27,"Incase you missed it:
Albert Bourla the CEO of Pfizer doesn't wanna vacinate but you will be told their vaccine is safe. 
Very soon we will be forced to VACCINATE.

#FamilyMeeting https://t.co/8QjoeLrJBz",[]
102,Joey61666252,"I'm a tiger, I can't be contained 
Crazy but niceğŸ¤ªğŸ¤ªğŸ¤ª
AmbitiousğŸ˜‡ğŸ˜‡
Focused, 
Cool-CAT","Pretoria, South Africa",258,215,310,27,"Incase you missed it:
Albert Bourla the CEO of Pfizer doesn't wanna vacinate but you will be told their vaccine is safe. 
Very soon we will be forced to VACCINATE.

#FamilyMeeting https://t.co/8QjoeLrJBz",[]
103,MadeleineMojaki,Trust the process and God is able,"Klerksdorp, South Africa",683,208,2532,27,"Incase you missed it:
Albert Bourla the CEO of Pfizer doesn't wanna vacinate but you will be told their vaccine is safe. 
Very soon we will be forced to VACCINATE.

#FamilyMeeting https://t.co/8QjoeLrJBz",[]
104,Lekajo3,God bless my hustle ğŸ™ğŸ™black boy's prayer,,728,370,355,27,"Incase you missed it:
Albert Bourla the CEO of Pfizer doesn't wanna vacinate but you will be told their vaccine is safe. 
Very soon we will be forced to VACCINATE.

#FamilyMeeting https://t.co/8QjoeLrJBz",[]
105,greyzeeg,"Once I put on my headphones, my life becomes a music video.",bloemfontein,4980,2445,3524,27,"Incase you missed it:
Albert Bourla the CEO of Pfizer doesn't wanna vacinate but you will be told their vaccine is safe. 
Very soon we will be forced to VACCINATE.

#FamilyMeeting https://t.co/8QjoeLrJBz",[]
106,boohle24,The truth is crazy in a world full of lies.,,717,550,7166,27,"Incase you missed it:
Albert Bourla the CEO of Pfizer doesn't wanna vacinate but you will be told their vaccine is safe. 
Very soon we will be forced to VACCINATE.

#FamilyMeeting https://t.co/8QjoeLrJBz",[]
107,Nezmhlung,I follow backğŸ“€,"Pietermaritzburg, South Africa",136,94,76,27,"Incase you missed it:
Albert Bourla the CEO of Pfizer doesn't wanna vacinate but you will be told their vaccine is safe. 
Very soon we will be forced to VACCINATE.

#FamilyMeeting https://t.co/8QjoeLrJBz",[]
108,Vinno_DaVince,"Not everything is as it seems(Even salt looks like sugar). Live,laugh more and just enjoy the ride...",Cosmo City,166,23,96,27,"Incase you missed it:
Albert Bourla the CEO of Pfizer doesn't wanna vacinate but you will be told their vaccine is safe. 
Very soon we will be forced to VACCINATE.

#FamilyMeeting https://t.co/8QjoeLrJBz",[]
109,Page2612,"Files open, no favourğŸ¤®
No negotiations.

Human trafficking is real, New world Order (COVID-19), ANC, DA & EFF r enemies of SA BLKSğŸ˜­
IM BACK",City of Files,7663,7309,4690,27,"Incase you missed it:
Albert Bourla the CEO of Pfizer doesn't wanna vacinate but you will be told their vaccine is safe. 
Very soon we will be forced to VACCINATE.

#FamilyMeeting https://t.co/8QjoeLrJBz",['FamilyMeeting']
110,selbywayne1,"I am a black man with a vision, I strive to make a difference in a strangers life. I am a member of the Black Management Forum. I HATE RACISTS with passion.","Ù…ÙƒØ© Ø§Ù„Ù…ÙƒØ±Ù…Ø©, Ø§Ù„Ù…Ù…Ù„ÙƒØ© Ø§Ù„Ø¹Ø±Ø¨ÙŠØ© Ø§",614,347,12951,0,"Uyazi contradictha uRama. Most did not vacinate but the wave has gone down. We are the least vaccinated. Let's move to level 2..  I hope no passport, no vote... Will apply.",[]
111,GlennK1962HD2,Native Texan- Back in FL as a disciple of Stephan F Austin! God Bless America. USN '79-'85. F&AM,"Pensacola, FL",1710,1528,79646,6,"@charliespiering Did they keep 6 feet apart from each other? Did the mask really could keep the COVID-19 away? 
From this picture, it looks like the mask really stops the spreading of the virus. If so why vacinate? If not, then why do mask?",[]
112,IndianaVaughn,"100% loyal to President Trump, he will forever be the greatest president ever..The world isnâ€™t falling apart, the veil of the worldwide corruption is lifting.",,1858,1348,78900,6,"@charliespiering Did they keep 6 feet apart from each other? Did the mask really could keep the COVID-19 away? 
From this picture, it looks like the mask really stops the spreading of the virus. If so why vacinate? If not, then why do mask?",[]
113,WayneDickinso13,intelegent broad minded and non judgemental,,32,1,95,0,So America hasn't reached 80 per cent first doses yet 76 percent let's see if we catch up to them in the next few weeks at 2 Milion a week which is about 4 percent a week how long will it's take for them to vacinate 80 million we could easily reach 90 percent double dosed this y,[]
114,bobafettishWoW,"Star Wars Nerd, Computer Geek, Member of the Black Void on https://t.co/caUkzG4GIF, Member of the Tadpool for Frogpants. And have my own bada$$ StormTrooper a","Alberta, Canada",732,790,34324,0,"@trapdinawrpool Your babbling. Provincial Notwithstanding cannot over rule feds. And you don't think Ford and Kenny wouldn't fight against a federal level and I doubt OTool would even allow a federal mandate to pass. 

OTool can't even get his all of his own MPs to vacinate.",[]
115,HMeerschert,"pro choice, LEGALIZE marijuana, 7 yrs to retirement, GBP owner, field goal not my choice.
ğŸ˜·ğŸŒŠğŸ¤—ğŸŒˆğŸ¥³ğŸ‡ºğŸ‡¸ğŸ£ğŸ†ğŸˆğŸˆğŸŒâ˜®","Wisconsin, USA",462,56,882,0,"@StormMela Vacinate or stay home. The UNVACCINATED do not have the right to infect me or my family. 
And to anyone who thinks that the MAN is tracking you with the vaccine.... better throw away your cell phone....
ANYONE can track you through your phone.  WAKE UP. âœŒğŸ’‰
#vaccinatetoday",['vaccinatetoday']
116,DoraKnudsen,,,719,133,6596,0,"@BlueTexas6 Lifelong Texan, people live in two realities here. Half carry on like nothing everything is fine. Go to the stores, malls &amp; restaurant,they are crowded, unmasked &amp; so many refuse to vacinate. Government, churches &amp; flat out lies are to blame.",[]
117,Terrordome74,Just speaking my mind ... Have a nice day ğŸ™‚,,23,7,216,0,@judgeyourself99 Haha... The only way to vacinate. Can you read? Are you open minded to know whats happening all over the world?! Vaccination is NOT fixing covid. Keep holding onto your magic lamp even when your 3 wishes have run out.,[]
118,patrick60098,Cool but not gamesome.,Mbombela .Pienaar,135,31,317,0,"The government is contemplating to force us to vacinate, let's contemplate to force them to.. Create employment, reduce high food prices, petrol, and other necessity. Before we go to the polls",[]
119,CgalTxh,,,169,145,53976,6,"@charliespiering Did they keep 6 feet apart from each other? Did the mask really could keep the COVID-19 away? 
From this picture, it looks like the mask really stops the spreading of the virus. If so why vacinate? If not, then why do mask?",[]
120,HeidiBolds,"Mom, wife, love evolutionary ecology, family, horses. Retired lab tech.", USA,133,35,845,0,"@USAFacts Guys, deaths in hospitals, are the 1st wave of deaths. How about hidden deaths of Covid-19 from damaged heart, kidneys, stroke, &amp; other complications from Covid-19? Depression? Medical $$? Fox News' employees all vacinated. Nasty &amp; contagious virus.
Kids dyingğŸ’€vacinate.",[]
121,athensarevalo,Don't let negative pictures play on the movie screen of your mind. You own the remote control. All you have to do is change the channel.,,218,18,1093,0,"Savage AF ğŸ¤£ğŸ¤£ğŸ¤£ğŸ¤£ğŸ¤£

#vacinate
#Covid_19 https://t.co/hN1WV1MtAG","['vacinate', 'Covid_19']"
122,0xJohnBe,It's a crazy time!,,51,10,501,0,@hectorr159 Vacinate my dick and then suck it.,[]
123,AwesomeTrump2,Know2win,,153,55,2869,6,"@charliespiering Did they keep 6 feet apart from each other? Did the mask really could keep the COVID-19 away? 
From this picture, it looks like the mask really stops the spreading of the virus. If so why vacinate? If not, then why do mask?",[]
124,Jurgen80269939,"Black guy from Bristol. Can't stand socialists, Communists, Antifa and the like.  These people are non contributing society hating facists. The dross of society",,22,10,571,0,"@Charlie59845959 Well he's a baffoon. It's not experimental. It's vital. Most of the population have had it.

Hope your not a parent. Probably one of these idiots who don't vacinate their kids",[]
125,zon7,0 1 1 2 3 5 8...,"Alicante, Spain",66,92,8158,0,Not one of his books but a true story. #vacinate https://t.co/mDZQdDRkh8,['vacinate']
126,Fanfanfrish,Professional Gacha addict â˜…I swear I'm an artist!â˜… She/herâ˜… 20â˜… Please don't repost my artâ˜…,At home,289,134,2789,0,"@Tamaki_Channel ğŸ¤”
Is that how Vampires vacinate themselves?",[]
127,HeidiBolds,"Mom, wife, love evolutionary ecology, family, horses. Retired lab tech.", USA,133,35,845,0,"@hjelle_brian We know flu, increases circulation damageğŸ’” Its KNOWN Covid-19 is devastating to circulation, kidneys, lungs, heart. It does damage in mild cases. Increases in thrombosis maybe from mild covid cases. Yes, are other factor genetic &amp; diets of sugar/fat/caffeine.
â¤Please VACINATEğŸ’–",[]
128,Mama50981,"Pro-union, Antifa, BLM, spiritually diverse, deep thinker...no DMs

â€œRecharge yourself as much as you charge your phone.â€Â Self-care matters! Â  Â  Â  Â Â ",E WA State,616,792,12603,0,VACINATE...MASK UP...DO YOUR PART https://t.co/AgLcT9R3PD,[]
129,DNotacat,I finally have full control of this human! All shall bow before me!,"Bum Fuck Egypt, Nc",221,91,12345,0,@Mollyissilly @Eangel4285 Not going to a funeral soon because one side of the family still won't wear a mask or vacinate,[]
130,Awatt23023250,I am who I am,,137,6,468,0,"@LaSeletzky Let us just do the right thing, vacinate, wear the mask and try to be vocal so the 'ignorant most' follow suit",[]
131,jbradyhill,,,192,118,921,0,@JReinerMD Wait!! The military already make troops vacinate  for everything. Whatâ€™s the difference now?ğŸ™„,[]
132,artistpapy,The real tough guys are in comtrol,,51,3,274,0,@SuzeQKnits 8fbthey didn't vacinate then don't treat them.why rish your health for those that don't care about yours ?,[]
133,DavidSenkungu1,Am proud catholic and a father being the two makes me real,,93,19,70,0,"@ChimpReports @OPMUganda So the bodaboda ridder had to put on an NRM coperate shirt for CEC instead of their mujozi t-shirt, anyway olimukintu Rt hon PM but you are bussy loitering on bodaboda guys are bussy swindling cash in PMs office olimukwenjera ku boda, vacinate and open schools for our children",[]
134,Tshepikhuto,,"Cape Town, South Africa",47,14,22,0,"Are you vaccinated? 
Just got my first jab ğŸ’‰

#staysafe #vacinate #covid_19 https://t.co/M8X2jMZ82H","['staysafe', 'vacinate', 'covid_19']"
135,4allpatroits,MAGA. Trump. BuildTheWall. AmericaFirst,United States,3900,2785,95665,1,"@KQuinnJazz What's the point it's a coronavirus they live in animals. It will never go away.  Unless you also vacinate the birds and squirrels dogs,cats, racoons.  If you want to protect yourself from severe symptoms get the flu shot that's all it is. And leave others alone.",[]
136,francois_jl,,sydney,124,7,89,0,@jbarab @CalebJHull So you vacinate and protect yourself. If someone decides not to  that's their problem.,[]
137,bnight36,,,25,4,145,0,@DMacKinnonAU @VicGovDH Vaccine hesitancy would have still been an issue in those areas.  Does everyone forget that overwhelmed overseas countries withheld Pfizer from Oz so they could vacinate their own. Now that vaccine is not giving as good cover of serious illness as AZ.,[]
138,SandmanMGTOW,I make MGTOW videos about Men Going Their Own Way.,"Toronto, Canada",156,8539,3067,0,@StudioBrule Clearly the agenda is not to vacinate the 3rd world. They are just making sure they have an excuse and plausible deniability.,[]
139,cathykessler16,,"Orange, CA",67,6,302,0,"Leave our kids alone or are you going to throw a mandate their way no one is going to order me to vacinate my kids your over stepping your bounds Mr &amp; Mrs Biden think about the boarders, the pipeline &amp; Afganistan U dont want address those disasters lets not forget the 13 soldiers",[]
140,pie_southern,,,34,3,1650,0,@POTUS @VP According to VP our health is our choice so quit forcing Americans to vacinate. How many vacinated are dying as compare to flu? Where are the figures about vacinated individuals dying with covid 19. Follow the science Joe. All immigrients coming into our country should vacinate.,[]
141,pie_southern,,,34,3,1650,0,@RNCResearch Vacinatex workets dont need protection. Follow the science. Getting covid and dying from not the same thing. Are mast numbers of vacinated people dying from covid. I dont need you to make Americans get vacinated. How about making non Americans entering our country to vacinate.,[]
142,pie_southern,,,34,3,1650,0,@kayleighmcenany If biden cared enforce vacination of immigrients coming into this country. Maybe that would slow down transmission Joe. It is a game to you. Secure our border so we know who is coming into country and can vacinate them. That will save lives. Save lives Joe.,[]
143,pie_southern,,,34,3,1650,0,"@kayleighmcenany Biden is using Americans in a political push. He doesnt care otherwise every person coming into country would be vacinated. But wait, we dont control who comes into the country because our border isnt secure. If biden  cared he would vacinate &amp; stop criminals crossing our border",[]
144,SpnShari,"Proud mom of 2 wonderful sons, Gma to 4 beautiful grands. â¤ï¸books & music. Dog mom & dog Gma. I stand strong for my beliefs. #resist. Mean people suck! NO DMS.",,1381,1044,19713,1,Vacinate everyone. https://t.co/d4M33IrsyR,[]
145,IamMeadows,"EV enthusiast, #FSDBetaCanada","Toronto, Ontario",326,97,3357,0,"@NamesOfLondon @SamTwits What do you mean they not had it? They have 30% people fully vaccinated and 60% with one dose. They clearly had it, just not in the US way.
If needed they will vacinate everybody in few days, as there is no shortage of vaccines anymore!",[]
146,RobertKarppinen,,,26,0,119,0,I think we need to Utilize the New Anti Women Rights Law at Texas to Vacinate the Covidiot Anti Vaxers !,[]
147,Eviscerhate,,,277,29,1510,0,"@VicBergerIV What's the point it's a coronavirus they live in animals. It will never go away.  Unless you also vacinate the birds and squirrels dogs,cats, racoons.  If you want to protect yourself from severe symptoms get the flu shot that's all it is. And leave others alone.",[]
148,RobertKarppinen,,,26,0,119,0,@NewDay @brianstelter @drsanjaygupta I think we need to Utilize the New Anti Women Rights Law at Texas to Vacinate the Covidiot Anti Vaxers !,[]
149,RobertKarppinen,,,26,0,119,0,@TheEllenShow @ericstonestreet I think we need to Utilize the New Anti Women Rights Law at Texas to Vacinate the Covidiot Anti Vaxers !,[]
150,RobertKarppinen,,,26,0,119,0,@paulkrugman I think we need to Utilize the New Anti Women Rights Law at Texas to Vacinate the Covidiot Anti Vaxers !,[]
151,RobertKarppinen,,,26,0,119,0,@chrislhayes I think we need to Utilize the New Anti Women Rights Law at Texas to Vacinate the Covidiot Anti Vaxers !,[]
152,RobertKarppinen,,,26,0,119,0,@chrislhayes I think we need to Utilize the New Anti Women Rights Law at Texas to Vacinate the Covidiot Anti Vaxers !,[]
153,RobertKarppinen,,,26,0,119,0,@chrislhayes I think we need to Utilize the New Anti Women Rights Law at Texas to Vacinate the Covidiot Anti Vaxers !,[]
154,RobertKarppinen,,,26,0,119,0,@washingtonpost I think we need to Utilize the New Anti Women Rights Law at Texas to Vacinate the Covidiot Anti Vaxers !,[]
155,RobertKarppinen,,,26,0,119,0,@brianstelter @ReliableSources I think we need to Utilize the New Anti Women Rights Law at Texas to Vacinate the Covidiot Anti Vaxers !,[]
156,RobertKarppinen,,,26,0,119,0,@ezraklein I think we need to Utilize the New Anti Women Rights Law at Texas to Vacinate the Covidiot Anti Vaxers !,[]
157,RobertKarppinen,,,26,0,119,0,@smerconish @mchooyah @us_navyseals @SIRIUSXM @SXMPOTUS I think we need to Utilize the New Anti Women Rights Law at Texas to Vacinate the Covidiot Anti Vaxers !,[]
158,RobertKarppinen,,,26,0,119,0,@KTLA I think we need to Utilize the New Anti Women Rights Law at Texas to Vacinate the Covidiot Anti Vaxers !,[]
159,RobertKarppinen,,,26,0,119,0,@brianstelter @AnaCabrera @CNN @Georgetown I think we need to Utilize the New Anti Women Rights Law at Texas to Vacinate the Covidiot Anti Vaxers !,[]
160,RobertKarppinen,,,26,0,119,0,@washingtonpost I think we need to Utilize the New Anti Women Rights Law at Texas to Vacinate the Covidiot Anti Vaxers !,[]
161,RobertKarppinen,,,26,0,119,0,@washingtonpost I think we need to Utilize the New Anti Women Rights Law at Texas to Vacinate the Covidiot Anti Vaxers !,[]
162,RobertKarppinen,,,26,0,119,0,@paulkrugman I think we need to Utilize the New Anti Women Rights Law at Texas to Vacinate the Covidiot Anti Vaxers !,[]
163,RobertKarppinen,,,26,0,119,0,@chrislhayes I think we need to Utilize the New Anti Women Rights Law at Texas to Vacinate the Covidiot Anti Vaxers !,[]
164,RobertKarppinen,,,26,0,119,0,@ezraklein @paulkrugman I think we need to Utilize the New Anti Women Rights Law at Texas to Vacinate the Covidiot Anti Vaxers !,[]
165,RobertKarppinen,,,26,0,119,0,@washingtonpost I think we need to Utilize the New Anti Women Rights Law at Texas to Vacinate the Covidiot Anti Vaxers !,[]
166,CarolWo92813679,I'm me,,50,86,751,0,"@youngcappi @POTUS The choice is two needles to vacinate or possibly many, many needles if you contract COVID.",[]
167,Eviscerhate,,,277,29,1510,1,"@KQuinnJazz What's the point it's a coronavirus they live in animals. It will never go away.  Unless you also vacinate the birds and squirrels dogs,cats, racoons.  If you want to protect yourself from severe symptoms get the flu shot that's all it is. And leave others alone.",[]
168,Josephi19868258,"70 yr old hippy. Rescue (19 year old Catahoula) Dogs cats teach us. Democrats. No DMs Fascists/Bullies unacceptable. Jail treasonous US
riotors Now.",Deep South,2299,1353,2981,1,Vacinate everyone. https://t.co/d4M33IrsyR,[]
169,PStrods,,,38,12,153,0,@ATP552 @ChickenGate Yes and fizer is now looking to get approval to vacinate 5 yr and up children good vs evil,[]
170,Lindata44412835,An old gal that loves to laugh.  I rail against injustice. I have always been and will always be a Democrat.,,2093,978,47480,1,@BaddCompani Seems hard to believe there was that many resigning? I always thought anyone in military had to vacinate whether they liked it or not? My son had no. He's in the Navy and was on the San Antonio. I'm so glad he's back in Norfolk Virginia. I guess times has changed in the military?,[]
171,corozon4u_cora,Married. ğŸ‡ºğŸ‡²ğŸ’‰ğŸ’‰,"Washington, USA",2182,846,28891,1,@BaddCompani Seems hard to believe there was that many resigning? I always thought anyone in military had to vacinate whether they liked it or not? My son had no. He's in the Navy and was on the San Antonio. I'm so glad he's back in Norfolk Virginia. I guess times has changed in the military?,[]
172,vince_meehan,Media Tzar,"Los Angeles, CA",12,2,470,0,@mtracey No need to vacinate them they are clearly immune,[]
173,scoutmstershke,System Admin and Programmer,"Holladay, TN",147,7,156,0,@GovBillLee Your party has caused this by sowing discordâ€¦since now the followers of your party lines wonâ€™t vacinate or mask up due to being used as a political weapon. Be part of the solution not the problem. Go back to the ranchâ€¦.,[]
174,kobassa25,CEO of Wholesale Furniture Brokers Group of Companies.,"Kamloops, BC",21,40,64,0,@BogochIsaac Kids are at like zero risk for COVID.  99.999999999999999% survival.  No need to vacinate.   Stop and think people please.   PLEASE stop this madness!!!!,[]
175,HMOTP,Learning and teaching everyday ğŸ’«âœŒï¸ â€œpicking quarrels and provoking troubleâ€ - charges against CCP jailed journoâ€™s.,,723,116,506,0,"@mombojom @JaapUrsem @benshapiro Vacinate the vulnerable - been done 

Make sure hospital facilities are adequte - been done.

Provide easy access to any and all therapeutics (traditional and non) - measure and adjust accordingly.  Being avoided.

Remind and educate people or basic health concepts - being done.",[]
176,bill_m_to,,,3,3,1889,0,@JoshMandelOhio He is jewish. He should know if the nazis went door to door to vacinate people or not,[]
177,hanessa,"An optimist, lover of life, Camino Pilgrim (recently finished my third journey), photographer who is always looking to make a difference","Ottawa, Canada",153,68,442,0,"@JennaEllisEsq You prefer to allow ""freedom to not vacinate"" which is the source of this 4th wave? How selfish.",[]
178,styhls,,"Dallas, TX",107,19,733,0,@bepisbunkley @atlantissus13 @RedLeader0812 @JackPosobiec 2/ you cant vacinate all those animals. So you cant erridicate this with a vaccine. Our only viable solution is herd immunity. Sorry we are just going to have to catch amd transmit it and cope until it moves into the background with the rest of cold and flu season.,[]
179,DMN4ever,Twitter graduateğŸ“ | Brand Manager @nochillinmzansi | you da shitğŸ”¥ | Influencer | @orlandopirates | #loveYohSelfğŸ’œğŸŒ¹ | bagğŸ’° | inquiries: nchadennis@gmail.com,"Sandton, South Africa",24094,47049,55293,0,@CpSlash they juhs want people to vacinate angithi.. https://t.co/ikzVxdR9Nc,[]
180,3hood_pears29,21. | IG: vlad.milly__ Sc: lemonika29,,587,751,3171,0,See this shit for what it is. This shit like propaganda. They keep speaking on a new variant of COVID is found damn near like every other day &amp; then they conclude w â€œVACINATE VACINATE VACINATEâ€ they doing anything to get a mf to get that shot. Whatâ€™s really in that vaccination ğŸ¤”,[]
181,lhinds8,,,77,0,434,0,@DrMumbiSeraki @YouTube dont vacinate people who have not had children as yet particularly women,[]
182,ChrisfromOz1,"I am a bit serious - shit, shits me. Fairness and equality is important.",,1023,322,5043,0,No thank you NSW and the Feds we'll vacinate first. I went shopping today at Karrinyup and it was full. WA might be closed off but people are living large. A level of respect should be given to WA and some space..we get it just don't push the virus on us. That's ugly. https://t.co/SMmofNb3rw,[]
183,Djbowe86,,,78,7,200,0,"Thought for the day, maybe religion is real, but science was the RIGHT religion. Covid is the rapture and those who believe in the science and vacinate will survive?!?",[]
184,Jane_AZDEM,"Loves family, friends, dogs, and horses. Supports democracy. Wants less divisiveness and more people to support each other.","Arizona, USA",65,7,36,0,@azcentral @LaurieRoberts Hey DUCEY how many workers are we losing dying from COVID? Let workers quit if they don't want to vacinate. At least they won't infect other workers. Way to handle a pandemic #DONOTHINGDUCEY,['DONOTHINGDUCEY']
185,freckles50,Existing,OK -- USA,361,226,17991,0,I'm with #Biden #Vacinate,"['Biden', 'Vacinate']"
186,ManniRaeS,"I answer to Your Majesty, Your Highness, and Hey You.",Kenton Ohio,674,312,2402,0,"So where does it stop? Employers have to force you to vacinate or welp no job, so no life liberty or pursuit of happiness. They can force one medical procedure what's stopping them from forcing more? A woman must abort a baby to avoid time off and accumulating Cost to the company",[]
187,cathydutch,patriot wife of patriot mother of patriot maga maga wife of the man who inspired guess who,nashville,579,151,5549,0,So when is Biden gonna vacinate and test the Afghan refugees or the illegals crossing the border,[]
188,BigredTac,Liberty and justice FOR ALL,,57,19,293,0,"@PanvidyaMagnus Now we gotta find out when the burning starts because biden is requiring all companies with more than a 100 to get weekly testing, vacinate, or quit.",[]
189,DwayneWhetzel,"Twitter, Facebook, Google and Amazon suck. I will join wherever the 45 lands. Twitter can kiss my ass.","Houston, TX",4622,4238,4012,1,"This MOTHERFUCKER JUST SAID IT'S NOT ABOUT YOUR FREEDOM. THE CONSTITUTION SAYS OTHERWISE. SHOVE YOUR EXECUTIVE ORDERS UP YOUR ASS.
YOU CAN'T TELL OR ORDER PEOPLE TO PUT A SHOT IN THERE ARM.
GO VACINATE ALL THE 
ILLEGAL ALIENS YOU'RE LETTING IN
FUCK U ğŸ¤¡",[]
190,matthew46956757,i am a lover of cupcakes already on twitter--was previously ralph allen loves cupcakes with jellybeans #RipKobe,,4997,3124,160796,0,@atensnut do you not understand about variants? Its about the variants-if we don't vacinate then people like yourself who have this thought process probably will die-get it together,[]
191,LynnAllan7,NRA LIFETIME MEMBER,,4999,3258,165169,1,"This MOTHERFUCKER JUST SAID IT'S NOT ABOUT YOUR FREEDOM. THE CONSTITUTION SAYS OTHERWISE. SHOVE YOUR EXECUTIVE ORDERS UP YOUR ASS.
YOU CAN'T TELL OR ORDER PEOPLE TO PUT A SHOT IN THERE ARM.
GO VACINATE ALL THE 
ILLEGAL ALIENS YOU'RE LETTING IN
FUCK U ğŸ¤¡",[]
192,MCMarkyMarcYT,I am an all around geek. I work in the IT industry. I frequent central Florida attractions and have many interests. #disneyworld #universalorlando,Tampa FL,738,639,6326,0,"Biden wants to vacinate everyone yet not protect babies. Of course he is a baby killer. I am for getting vacinated, and under certain circumstances abortion, but this politician is turning into a dick-tator. We have rights!",[]
193,anthonycarson45,,Jamaica,206,48,710,0,Jamaica please stop the COVID politics. The pandemic does not know or respect parties. VACINATE please do not be suicidal or dumb.,[]
194,afrikaniss,Free Spirit,,17,1,27,0,@eNCA The world says not to vacinate children.. SA wants to do a trial. madness.,[]
195,MapumuloSir,"Gym rat. 
book rat love an outing with friends and a travel every now and again","Kimberley, South Africa",29,26,76,0,@GmoKby Until WHO says it is safe to vacinate children under the age of 18 south african medical board will have to give mw a detailed brane down of what is in the vaccine itself...,[]
196,GuyChristianEr3,Currently retired pension / said- WOULD LIKE TO BE 47TH PRESIDENT OF USA! WORKING FOR-WE THE PEOPLE RESTORE OF TERM LIMITS!-INVESTIGATE OF LEADERS!,,316,17,7875,0,@joncoopertweets @POTUS DICTATOR IN CHARGE KING BIDEN!- DEMANDAS ALL TO VACINATE AS DICTATORS DO!- FORGET NATURAL IMMUNITY !- FORGET PEOPLE DIE OF MANY DIFFERENT CAUSES NO MATH SCIENCE IF ONE DOESNT DICLOSE TOTAL CAUSES OF DEATH OF MANY DIFFEREN T CAUSES! COVER UP OPOID ADDICTION DEATHS FENTONAL - https://t.co/shfICUHJrU,[]
197,cap10cruz,Big mma fan and boxing! got this account just to stir up shit with other fanz and talk that bull shit ya know ğŸ˜‚ Also Political issues can get me socializing!,"Michigan, USA",131,6,128,0,@pamelaad116 @PeterHotez Real America! watch yall roll over from shots and then the real stupid ones be dead!  had a nurse tell me few days ago she was forced to vacinate she was having problems with her heart hope she ok!! U have health care workers that dont agree with the shots! Like wtf for real!ğŸ˜‚,[]
198,Gentle_gianty,married but it is not crus,South Africa,482,335,4263,0,@mr_lekay Yemona vacinate otlogele go complainer,[]
199,Terri66987597,Writer of Songs Of two Worlds.,Oklahoma ,5001,3287,74108,4,"Delta is slamming kids around the world. Hospitalizations, ICU, severe cases, and deaths are skyrocketing. 
I personally laud Cuba on its bold decision to vacinate its pediatric population.",[]
200,lulekani_lu,,,341,99,156,0,I've registerd to vacinate bt i won't  vacinate so that the government will see how empty promises feels like,[]
201,N_Montjane,,"Johannesburg, South Africa",1621,983,10925,0,No surprises here we will all ve forced to vacinate https://t.co/ePl4J8OqjU,[]
202,Primary_Immune,"Writer. Dad. Genomic Medicine proponent. Has 2 rare diseases: CVID+Sweet's syndrome. Patient advocate, advisor & consultant. #RareDisease #genomics #immunology",Haifa,24134,27161,47934,4,"Delta is slamming kids around the world. Hospitalizations, ICU, severe cases, and deaths are skyrocketing. 
I personally laud Cuba on its bold decision to vacinate its pediatric population.",[]
203,SjogrensForum,Living Well With SjÃ¶gren's Syndrome.,"San Francisco, CA",186,4353,79756,4,"Delta is slamming kids around the world. Hospitalizations, ICU, severe cases, and deaths are skyrocketing. 
I personally laud Cuba on its bold decision to vacinate its pediatric population.",[]
204,amartinezc01,"â€œEl pesimista ve la dificultad en cada oportunidad...
El optimista ve la oportunidad en cada dificultad.â€

Winston Churchillâ˜€ï¸","Ciudad de MÃ©xico,. MÃ©xico",1231,1014,50792,4,"Delta is slamming kids around the world. Hospitalizations, ICU, severe cases, and deaths are skyrocketing. 
I personally laud Cuba on its bold decision to vacinate its pediatric population.",[]
205,ProfGaughanRN,,"Hamburg, NY",95,63,303,0,@markpoloncarz This is an interesting trend and once again a wake up call to vacinate.,[]
206,Primary_Immune,"Writer. Dad. Genomic Medicine proponent. Has 2 rare diseases: CVID+Sweet's syndrome. Patient advocate, advisor & consultant. #RareDisease #genomics #immunology",Haifa,24134,27161,47934,4,"Delta is slamming kids around the world. Hospitalizations, ICU, severe cases, and deaths are skyrocketing. 
I personally laud Cuba on its bold decision to vacinate its pediatric population.",[]
207,Stachios1,Grecja i sprzÄ…tanie Å›wiata,,141,50,1150,0,@OliviaL__136 No. I'm glad You are well. And I applaud the wise decision to vacinate. 05.10 l'm going on the pilgrimage on The Holy Mount Athos in Greece. Arbaeen March must wait ğŸ˜€,[]
208,Saints_Mike7167,"This is my personal Twitter account. All the views are my own. They don't represent any organisation.
I'm an old Saints fan who's suffered like the we all have.","Southampton, England",2634,4254,109533,0,"No way are Vallance or Whitty independent, also there's no way they're going to say don't vacinate. 
Is the state ready for the 12-15 year old who will have their homes lives possibly ruined for going against their parents wishes,some could face the streets. https://t.co/VgU3jYZRXZ",[]
209,FortuneMoraba,Loupos,,147,29,26,0,"@James_StPat999 Mxm..rather die than vacinate,u taking people for granted",[]
210,k3books,"Books - Paul Kendall
ebooks... publishing.. publicity",Leeds UK,11786,10840,125751,0,"@AllisonPearson @UsforThemUK if they go ahead and vacinate 12 year olds.
will news stories emerge?

blood clots and injury
blod clots and death

its unthinking to put children into this game Russian roulette

They seem desperate to get children jabbed.",[]
211,MelAnalyst,,Australia,4998,1859,160293,2,@timothyjgraham @PRGuy17 He wants to save our kids then he can get Scott Morrison to hurry up and vacinate our kids 12 years plus!! It's a race remember!!!,[]
212,altseason11,"crypto enthusiast, Get Rich or go broke trying. Love sport and fell walking.","England, United Kingdom",25,11,538,0,@sajidjavid No politician expecially incompetent ones like BJ and GW will ever make me vacinate my children. The JCVI said no...This vacination was never intended for children no data of the long term effects this may have on children. My kids will remain vacine free,[]
213,PovoasFabiana,.,,122,12,132,0,"@EigenwijsEzel @CTVNews No, they want people to get vacinate!!! And leave the vet meds to the animals...",[]
214,jxlawler,"ğŸ’‰ğŸ’‰â™¥ï¸arts, politics, unions, human rights. Leftist. Facilitator / innovator - policy, governance, workplace culture",Australia,1576,754,14360,2,@timothyjgraham @PRGuy17 He wants to save our kids then he can get Scott Morrison to hurry up and vacinate our kids 12 years plus!! It's a race remember!!!,[]
215,Melstar71,Keep me safe from that Coronavirus and I'll be happy!,Australia,263,199,12628,2,@timothyjgraham @PRGuy17 He wants to save our kids then he can get Scott Morrison to hurry up and vacinate our kids 12 years plus!! It's a race remember!!!,[]
216,stephenfirvulag,,,437,66,14784,0,@mmaher70 I generally agree ( all lockdown late indicates reluctance ie Â£ ) but I think gov modelled kids catch covid school saving both need to vacinate them for 20&amp;30yrs / just hoping vaccines keep losses down,[]
217,Graham31037965,,England,24,8,1011,0,@AlexTaylorNews @BethRigby Loose credibility?  In the present tense?  They lost it with government contracts for their mates.  Ppe scandle. Ingoring the science and trying to vacinate our kids.  They are a smokin ruin.,[]
